scan_id,broker,pair,rate_type,qty,buy,sell
000000001,InternetowyKantor,EURPLN,unit price,1,46711,47011
000000001,InternetowyKantor,CHFPLN,unit price,1,47692,48092
000000001,InternetowyKantor,USDPLN,unit price,1,44964,45264
000000001,InternetowyKantor,GBPPLN,unit price,1,53461,53861
000000001,InternetowyKantor,NOKPLN,unit price,1,4507,4567
000000001,Cinkciarz,CHFPLN,50K price,1,47645,47903
000000001,Cinkciarz,EURPLN,50K price,1,46705,46969
000000001,Cinkciarz,GBPPLN,50K price,1,53502,53797
000000001,Cinkciarz,USDPLN,50K price,1,44964,45224
000000001,Cinkciarz,NOKPLN,50K price,1,4504,4565
000000001,Cinkciarz,CHFPLN,unit price,1,47581,47972
000000001,Cinkciarz,EURPLN,unit price,1,46646,47035
000000001,Cinkciarz,GBPPLN,unit price,1,53434,53856
000000001,Cinkciarz,USDPLN,unit price,1,44909,45285
000000001,Cinkciarz,NOKPLN,unit price,1,4504,4566
000000002,InternetowyKantor,EURPLN,unit price,1,46708,47008
000000002,InternetowyKantor,CHFPLN,unit price,1,47692,48092
000000002,InternetowyKantor,USDPLN,unit price,1,44971,45271
000000002,InternetowyKantor,GBPPLN,unit price,1,53465,53865
000000002,InternetowyKantor,NOKPLN,unit price,1,4505,4565
000000002,Cinkciarz,CHFPLN,50K price,1,47640,47895
000000002,Cinkciarz,EURPLN,50K price,1,46705,46970
000000002,Cinkciarz,GBPPLN,50K price,1,53505,53803
000000002,Cinkciarz,USDPLN,50K price,1,44972,45229
000000002,Cinkciarz,NOKPLN,50K price,1,4503,4565
000000002,Cinkciarz,CHFPLN,unit price,1,47573,47962
000000002,Cinkciarz,EURPLN,unit price,1,46644,47032
000000002,Cinkciarz,GBPPLN,unit price,1,53440,53857
000000002,Cinkciarz,USDPLN,unit price,1,44915,45288
000000002,Cinkciarz,NOKPLN,unit price,1,4503,4565
000000003,InternetowyKantor,EURPLN,unit price,1,46705,47005
000000003,InternetowyKantor,CHFPLN,unit price,1,47690,48090
000000003,InternetowyKantor,USDPLN,unit price,1,44969,45269
000000003,InternetowyKantor,GBPPLN,unit price,1,53469,53869
000000003,InternetowyKantor,NOKPLN,unit price,1,4506,4566
000000003,Cinkciarz,CHFPLN,50K price,1,47643,47904
000000003,Cinkciarz,EURPLN,50K price,1,46704,46968
000000003,Cinkciarz,GBPPLN,50K price,1,53503,53795
000000003,Cinkciarz,USDPLN,50K price,1,44974,45233
000000003,Cinkciarz,NOKPLN,50K price,1,4503,4564
000000003,Cinkciarz,CHFPLN,unit price,1,47577,47971
000000003,Cinkciarz,EURPLN,unit price,1,46642,47031
000000003,Cinkciarz,GBPPLN,unit price,1,53441,53858
000000003,Cinkciarz,USDPLN,unit price,1,44919,45292
000000003,Cinkciarz,NOKPLN,unit price,1,4503,4565
000000004,InternetowyKantor,EURPLN,unit price,1,46708,47008
000000004,InternetowyKantor,CHFPLN,unit price,1,47697,48097
000000004,InternetowyKantor,USDPLN,unit price,1,44999,45298
000000004,InternetowyKantor,GBPPLN,unit price,1,53480,53881
000000004,InternetowyKantor,NOKPLN,unit price,1,4507,4567
000000004,Cinkciarz,CHFPLN,50K price,1,47641,47895
000000004,Cinkciarz,EURPLN,50K price,1,46706,46970
000000004,Cinkciarz,GBPPLN,50K price,1,53506,53798
000000004,Cinkciarz,USDPLN,50K price,1,44996,45253
000000004,Cinkciarz,NOKPLN,50K price,1,4503,4565
000000004,Cinkciarz,CHFPLN,unit price,1,47576,47966
000000004,Cinkciarz,EURPLN,unit price,1,46643,47032
000000004,Cinkciarz,GBPPLN,unit price,1,53444,53861
000000004,Cinkciarz,USDPLN,unit price,1,44939,45313
000000004,Cinkciarz,NOKPLN,unit price,1,4504,4565
000000005,InternetowyKantor,EURPLN,unit price,1,46708,47008
000000005,InternetowyKantor,CHFPLN,unit price,1,47699,48099
000000005,InternetowyKantor,USDPLN,unit price,1,44997,45298
000000005,InternetowyKantor,GBPPLN,unit price,1,53486,53886
000000005,InternetowyKantor,NOKPLN,unit price,1,4506,4566
000000005,Cinkciarz,CHFPLN,50K price,1,47646,47901
000000005,Cinkciarz,EURPLN,50K price,1,46706,46971
000000005,Cinkciarz,GBPPLN,50K price,1,53518,53812
000000005,Cinkciarz,USDPLN,50K price,1,44997,45254
000000005,Cinkciarz,NOKPLN,50K price,1,4504,4565
000000005,Cinkciarz,CHFPLN,unit price,1,47581,47969
000000005,Cinkciarz,EURPLN,unit price,1,46644,47032
000000005,Cinkciarz,GBPPLN,unit price,1,53455,53872
000000005,Cinkciarz,USDPLN,unit price,1,44939,45312
000000005,Cinkciarz,NOKPLN,unit price,1,4504,4565
000000006,InternetowyKantor,EURPLN,unit price,1,46712,47013
000000006,InternetowyKantor,CHFPLN,unit price,1,47702,48102
000000006,InternetowyKantor,USDPLN,unit price,1,45018,45317
000000006,InternetowyKantor,GBPPLN,unit price,1,53494,53894
000000006,InternetowyKantor,NOKPLN,unit price,1,4507,4567
000000006,Cinkciarz,CHFPLN,50K price,1,47644,47899
000000006,Cinkciarz,EURPLN,50K price,1,46711,46976
000000006,Cinkciarz,GBPPLN,50K price,1,53513,53806
000000006,Cinkciarz,USDPLN,50K price,1,45019,45275
000000006,Cinkciarz,NOKPLN,50K price,1,4504,4566
000000006,Cinkciarz,CHFPLN,unit price,1,47581,47973
000000006,Cinkciarz,EURPLN,unit price,1,46650,47039
000000006,Cinkciarz,GBPPLN,unit price,1,53454,53874
000000006,Cinkciarz,USDPLN,unit price,1,44957,45330
000000006,Cinkciarz,NOKPLN,unit price,1,4504,4566
000000007,InternetowyKantor,EURPLN,unit price,1,46712,47013
000000007,InternetowyKantor,CHFPLN,unit price,1,47707,48107
000000007,InternetowyKantor,USDPLN,unit price,1,45027,45327
000000007,InternetowyKantor,GBPPLN,unit price,1,53500,53900
000000007,InternetowyKantor,NOKPLN,unit price,1,4507,4567
000000007,Cinkciarz,CHFPLN,50K price,1,47651,47906
000000007,Cinkciarz,EURPLN,50K price,1,46711,46976
000000007,Cinkciarz,GBPPLN,50K price,1,53522,53814
000000007,Cinkciarz,USDPLN,50K price,1,45029,45286
000000007,Cinkciarz,NOKPLN,50K price,1,4504,4566
000000007,Cinkciarz,CHFPLN,unit price,1,47584,47972
000000007,Cinkciarz,EURPLN,unit price,1,46649,47038
000000007,Cinkciarz,GBPPLN,unit price,1,53460,53877
000000007,Cinkciarz,USDPLN,unit price,1,44968,45342
000000007,Cinkciarz,NOKPLN,unit price,1,4504,4566
000000008,InternetowyKantor,EURPLN,unit price,1,46715,47015
000000008,InternetowyKantor,CHFPLN,unit price,1,47712,48112
000000008,InternetowyKantor,USDPLN,unit price,1,45026,45326
000000008,InternetowyKantor,GBPPLN,unit price,1,53503,53903
000000008,InternetowyKantor,NOKPLN,unit price,1,4507,4567
000000008,Cinkciarz,CHFPLN,50K price,1,47660,47916
000000008,Cinkciarz,EURPLN,50K price,1,46711,46976
000000008,Cinkciarz,GBPPLN,50K price,1,53534,53826
000000008,Cinkciarz,USDPLN,50K price,1,45029,45287
000000008,Cinkciarz,NOKPLN,50K price,1,4504,4566
000000008,Cinkciarz,CHFPLN,unit price,1,47595,47983
000000008,Cinkciarz,EURPLN,unit price,1,46651,47040
000000008,Cinkciarz,GBPPLN,unit price,1,53474,53891
000000008,Cinkciarz,USDPLN,unit price,1,44973,45347
000000008,Cinkciarz,NOKPLN,unit price,1,4505,4566
000000009,InternetowyKantor,EURPLN,unit price,1,46714,47013
000000009,InternetowyKantor,CHFPLN,unit price,1,47716,48116
000000009,InternetowyKantor,USDPLN,unit price,1,45016,45317
000000009,InternetowyKantor,GBPPLN,unit price,1,53513,53913
000000009,InternetowyKantor,NOKPLN,unit price,1,4506,4566
000000009,Cinkciarz,CHFPLN,50K price,1,47662,47925
000000009,Cinkciarz,EURPLN,50K price,1,46712,46976
000000009,Cinkciarz,GBPPLN,50K price,1,53544,53838
000000009,Cinkciarz,USDPLN,50K price,1,45021,45278
000000009,Cinkciarz,NOKPLN,50K price,1,4504,4565
000000009,Cinkciarz,CHFPLN,unit price,1,47596,47990
000000009,Cinkciarz,EURPLN,unit price,1,46651,47040
000000009,Cinkciarz,GBPPLN,unit price,1,53484,53902
000000009,Cinkciarz,USDPLN,unit price,1,44959,45333
000000009,Cinkciarz,NOKPLN,unit price,1,4504,4565
000000010,InternetowyKantor,EURPLN,unit price,1,46715,47015
000000010,InternetowyKantor,CHFPLN,unit price,1,47726,48126
000000010,InternetowyKantor,USDPLN,unit price,1,45021,45321
000000010,InternetowyKantor,GBPPLN,unit price,1,53517,53917
000000010,InternetowyKantor,NOKPLN,unit price,1,4505,4565
000000010,Cinkciarz,CHFPLN,50K price,1,47673,47930
000000010,Cinkciarz,EURPLN,50K price,1,46712,46977
000000010,Cinkciarz,GBPPLN,50K price,1,53554,53846
000000010,Cinkciarz,USDPLN,50K price,1,45024,45281
000000010,Cinkciarz,NOKPLN,50K price,1,4502,4564
000000010,Cinkciarz,CHFPLN,unit price,1,47598,47991
000000010,Cinkciarz,EURPLN,unit price,1,46656,47045
000000010,Cinkciarz,GBPPLN,unit price,1,53491,53907
000000010,Cinkciarz,USDPLN,unit price,1,44978,45351
000000010,Cinkciarz,NOKPLN,unit price,1,4502,4564
000000011,InternetowyKantor,EURPLN,unit price,1,46730,47030
000000011,InternetowyKantor,CHFPLN,unit price,1,47733,48133
000000011,InternetowyKantor,USDPLN,unit price,1,45049,45349
000000011,InternetowyKantor,GBPPLN,unit price,1,53533,53933
000000011,InternetowyKantor,NOKPLN,unit price,1,4507,4567
000000011,Cinkciarz,CHFPLN,50K price,1,47680,47936
000000011,Cinkciarz,EURPLN,50K price,1,46730,46994
000000011,Cinkciarz,GBPPLN,50K price,1,53566,53859
000000011,Cinkciarz,USDPLN,50K price,1,45046,45303
000000011,Cinkciarz,NOKPLN,50K price,1,4504,4566
000000011,Cinkciarz,CHFPLN,unit price,1,47596,48000
000000011,Cinkciarz,EURPLN,unit price,1,46666,47055
000000011,Cinkciarz,GBPPLN,unit price,1,53497,53916
000000011,Cinkciarz,USDPLN,unit price,1,44991,45364
000000011,Cinkciarz,NOKPLN,unit price,1,4504,4565
000000012,InternetowyKantor,EURPLN,unit price,1,46731,47032
000000012,InternetowyKantor,CHFPLN,unit price,1,47730,48130
000000012,InternetowyKantor,USDPLN,unit price,1,45056,45355
000000012,InternetowyKantor,GBPPLN,unit price,1,53529,53929
000000012,InternetowyKantor,NOKPLN,unit price,1,4507,4567
000000012,Cinkciarz,CHFPLN,50K price,1,47685,47939
000000012,Cinkciarz,EURPLN,50K price,1,46733,46997
000000012,Cinkciarz,GBPPLN,50K price,1,53564,53856
000000012,Cinkciarz,USDPLN,50K price,1,45061,45317
000000012,Cinkciarz,NOKPLN,50K price,1,4505,4566
000000012,Cinkciarz,CHFPLN,unit price,1,47617,48009
000000012,Cinkciarz,EURPLN,unit price,1,46670,47059
000000012,Cinkciarz,GBPPLN,unit price,1,53501,53918
000000012,Cinkciarz,USDPLN,unit price,1,45001,45374
000000012,Cinkciarz,NOKPLN,unit price,1,4505,4566
000000013,InternetowyKantor,EURPLN,unit price,1,46726,47026
000000013,InternetowyKantor,CHFPLN,unit price,1,47730,48130
000000013,InternetowyKantor,USDPLN,unit price,1,45041,45340
000000013,InternetowyKantor,GBPPLN,unit price,1,53521,53921
000000013,InternetowyKantor,NOKPLN,unit price,1,4507,4567
000000013,Cinkciarz,CHFPLN,50K price,1,47680,47938
000000013,Cinkciarz,EURPLN,50K price,1,46721,46986
000000013,Cinkciarz,GBPPLN,50K price,1,53561,53854
000000013,Cinkciarz,USDPLN,50K price,1,45041,45298
000000013,Cinkciarz,NOKPLN,50K price,1,4504,4566
000000013,Cinkciarz,CHFPLN,unit price,1,47613,48005
000000013,Cinkciarz,EURPLN,unit price,1,46659,47048
000000013,Cinkciarz,GBPPLN,unit price,1,53497,53914
000000013,Cinkciarz,USDPLN,unit price,1,44980,45354
000000013,Cinkciarz,NOKPLN,unit price,1,4504,4566
000000014,InternetowyKantor,EURPLN,unit price,1,46725,47025
000000014,InternetowyKantor,CHFPLN,unit price,1,47731,48131
000000014,InternetowyKantor,USDPLN,unit price,1,45034,45334
000000014,InternetowyKantor,GBPPLN,unit price,1,53531,53930
000000014,InternetowyKantor,NOKPLN,unit price,1,4507,4567
000000014,Cinkciarz,CHFPLN,50K price,1,47676,47937
000000014,Cinkciarz,EURPLN,50K price,1,46724,46989
000000014,Cinkciarz,GBPPLN,50K price,1,53566,53863
000000014,Cinkciarz,USDPLN,50K price,1,45035,45293
000000014,Cinkciarz,NOKPLN,50K price,1,4504,4566
000000014,Cinkciarz,CHFPLN,unit price,1,47615,48004
000000014,Cinkciarz,EURPLN,unit price,1,46661,47050
000000014,Cinkciarz,GBPPLN,unit price,1,53500,53926
000000014,Cinkciarz,USDPLN,unit price,1,44977,45351
000000014,Cinkciarz,NOKPLN,unit price,1,4505,4566
000000015,InternetowyKantor,EURPLN,unit price,1,46726,47026
000000015,InternetowyKantor,CHFPLN,unit price,1,47728,48128
000000015,InternetowyKantor,USDPLN,unit price,1,45041,45340
000000015,InternetowyKantor,GBPPLN,unit price,1,53517,53917
000000015,InternetowyKantor,NOKPLN,unit price,1,4507,4567
000000015,Cinkciarz,CHFPLN,50K price,1,47685,47941
000000015,Cinkciarz,EURPLN,50K price,1,46724,46989
000000015,Cinkciarz,GBPPLN,50K price,1,53557,53849
000000015,Cinkciarz,USDPLN,50K price,1,45043,45301
000000015,Cinkciarz,NOKPLN,50K price,1,4505,4567
000000015,Cinkciarz,CHFPLN,unit price,1,47617,48005
000000015,Cinkciarz,EURPLN,unit price,1,46662,47051
000000015,Cinkciarz,GBPPLN,unit price,1,53495,53912
000000015,Cinkciarz,USDPLN,unit price,1,44984,45358
000000015,Cinkciarz,NOKPLN,unit price,1,4505,4567
000000016,InternetowyKantor,EURPLN,unit price,1,46726,47026
000000016,InternetowyKantor,CHFPLN,unit price,1,47728,48128
000000016,InternetowyKantor,USDPLN,unit price,1,45027,45327
000000016,InternetowyKantor,GBPPLN,unit price,1,53515,53915
000000016,InternetowyKantor,NOKPLN,unit price,1,4508,4568
000000016,Cinkciarz,CHFPLN,50K price,1,47683,47938
000000016,Cinkciarz,EURPLN,50K price,1,46724,46989
000000016,Cinkciarz,GBPPLN,50K price,1,53554,53846
000000016,Cinkciarz,USDPLN,50K price,1,45030,45287
000000016,Cinkciarz,NOKPLN,50K price,1,4505,4567
000000016,Cinkciarz,CHFPLN,unit price,1,47615,48004
000000016,Cinkciarz,EURPLN,unit price,1,46662,47051
000000016,Cinkciarz,GBPPLN,unit price,1,53491,53912
000000016,Cinkciarz,USDPLN,unit price,1,44974,45348
000000016,Cinkciarz,NOKPLN,unit price,1,4505,4567
000000017,InternetowyKantor,EURPLN,unit price,1,46724,47024
000000017,InternetowyKantor,CHFPLN,unit price,1,47728,48128
000000017,InternetowyKantor,USDPLN,unit price,1,45018,45317
000000017,InternetowyKantor,GBPPLN,unit price,1,53513,53913
000000017,InternetowyKantor,NOKPLN,unit price,1,4507,4567
000000017,Cinkciarz,CHFPLN,50K price,1,47680,47943
000000017,Cinkciarz,EURPLN,50K price,1,46721,46986
000000017,Cinkciarz,GBPPLN,50K price,1,53557,53849
000000017,Cinkciarz,USDPLN,50K price,1,45019,45275
000000017,Cinkciarz,NOKPLN,50K price,1,4504,4566
000000017,Cinkciarz,CHFPLN,unit price,1,47614,48010
000000017,Cinkciarz,EURPLN,unit price,1,46659,47048
000000017,Cinkciarz,GBPPLN,unit price,1,53492,53909
000000017,Cinkciarz,USDPLN,unit price,1,44961,45335
000000017,Cinkciarz,NOKPLN,unit price,1,4504,4566
000000018,InternetowyKantor,EURPLN,unit price,1,46719,47019
000000018,InternetowyKantor,CHFPLN,unit price,1,47718,48118
000000018,InternetowyKantor,USDPLN,unit price,1,45002,45302
000000018,InternetowyKantor,GBPPLN,unit price,1,53506,53906
000000018,InternetowyKantor,NOKPLN,unit price,1,4506,4566
000000018,Cinkciarz,CHFPLN,50K price,1,47674,47930
000000018,Cinkciarz,EURPLN,50K price,1,46715,46979
000000018,Cinkciarz,GBPPLN,50K price,1,53541,53836
000000018,Cinkciarz,USDPLN,50K price,1,45005,45263
000000018,Cinkciarz,NOKPLN,50K price,1,4504,4565
000000018,Cinkciarz,CHFPLN,unit price,1,47608,47996
000000018,Cinkciarz,EURPLN,unit price,1,46654,47043
000000018,Cinkciarz,GBPPLN,unit price,1,53480,53898
000000018,Cinkciarz,USDPLN,unit price,1,44945,45317
000000018,Cinkciarz,NOKPLN,unit price,1,4504,4565
000000019,InternetowyKantor,EURPLN,unit price,1,46717,47017
000000019,InternetowyKantor,CHFPLN,unit price,1,47722,48122
000000019,InternetowyKantor,USDPLN,unit price,1,44993,45294
000000019,InternetowyKantor,GBPPLN,unit price,1,53506,53906
000000019,InternetowyKantor,NOKPLN,unit price,1,4506,4566
000000019,Cinkciarz,CHFPLN,50K price,1,47672,47926
000000019,Cinkciarz,EURPLN,50K price,1,46712,46977
000000019,Cinkciarz,GBPPLN,50K price,1,53541,53845
000000019,Cinkciarz,USDPLN,50K price,1,45000,45256
000000019,Cinkciarz,NOKPLN,50K price,1,4503,4565
000000019,Cinkciarz,CHFPLN,unit price,1,47602,47992
000000019,Cinkciarz,EURPLN,unit price,1,46650,47039
000000019,Cinkciarz,GBPPLN,unit price,1,53484,53904
000000019,Cinkciarz,USDPLN,unit price,1,44936,45310
000000019,Cinkciarz,NOKPLN,unit price,1,4503,4565
000000020,InternetowyKantor,EURPLN,unit price,1,46718,47018
000000020,InternetowyKantor,CHFPLN,unit price,1,47729,48129
000000020,InternetowyKantor,USDPLN,unit price,1,45009,45309
000000020,InternetowyKantor,GBPPLN,unit price,1,53517,53917
000000020,InternetowyKantor,NOKPLN,unit price,1,4505,4565
000000020,Cinkciarz,CHFPLN,50K price,1,47680,47935
000000020,Cinkciarz,EURPLN,50K price,1,46712,46976
000000020,Cinkciarz,GBPPLN,50K price,1,53547,53846
000000020,Cinkciarz,USDPLN,50K price,1,45011,45268
000000020,Cinkciarz,NOKPLN,50K price,1,4502,4564
000000020,Cinkciarz,CHFPLN,unit price,1,47614,48002
000000020,Cinkciarz,EURPLN,unit price,1,46650,47039
000000020,Cinkciarz,GBPPLN,unit price,1,53484,53907
000000020,Cinkciarz,USDPLN,unit price,1,44953,45326
000000020,Cinkciarz,NOKPLN,unit price,1,4502,4564
000000021,InternetowyKantor,EURPLN,unit price,1,46714,47013
000000021,InternetowyKantor,CHFPLN,unit price,1,47734,48134
000000021,InternetowyKantor,USDPLN,unit price,1,45021,45321
000000021,InternetowyKantor,GBPPLN,unit price,1,53526,53926
000000021,InternetowyKantor,NOKPLN,unit price,1,4505,4565
000000021,Cinkciarz,CHFPLN,50K price,1,47685,47939
000000021,Cinkciarz,EURPLN,50K price,1,46710,46974
000000021,Cinkciarz,GBPPLN,50K price,1,53559,53852
000000021,Cinkciarz,USDPLN,50K price,1,45020,45278
000000021,Cinkciarz,NOKPLN,50K price,1,4502,4564
000000021,Cinkciarz,CHFPLN,unit price,1,47615,48006
000000021,Cinkciarz,EURPLN,unit price,1,46647,47036
000000021,Cinkciarz,GBPPLN,unit price,1,53498,53915
000000021,Cinkciarz,USDPLN,unit price,1,44959,45333
000000021,Cinkciarz,NOKPLN,unit price,1,4502,4564
000000022,InternetowyKantor,EURPLN,unit price,1,46715,47015
000000022,InternetowyKantor,CHFPLN,unit price,1,47732,48132
000000022,InternetowyKantor,USDPLN,unit price,1,45020,45320
000000022,InternetowyKantor,GBPPLN,unit price,1,53522,53923
000000022,InternetowyKantor,NOKPLN,unit price,1,4505,4565
000000022,Cinkciarz,CHFPLN,50K price,1,47678,47936
000000022,Cinkciarz,EURPLN,50K price,1,46710,46974
000000022,Cinkciarz,GBPPLN,50K price,1,53556,53848
000000022,Cinkciarz,USDPLN,50K price,1,45023,45281
000000022,Cinkciarz,NOKPLN,50K price,1,4502,4564
000000022,Cinkciarz,CHFPLN,unit price,1,47612,48003
000000022,Cinkciarz,EURPLN,unit price,1,46647,47037
000000022,Cinkciarz,GBPPLN,unit price,1,53494,53911
000000022,Cinkciarz,USDPLN,unit price,1,44965,45339
000000022,Cinkciarz,NOKPLN,unit price,1,4502,4564
000000023,InternetowyKantor,EURPLN,unit price,1,46711,47011
000000023,InternetowyKantor,CHFPLN,unit price,1,47737,48137
000000023,InternetowyKantor,USDPLN,unit price,1,45021,45321
000000023,InternetowyKantor,GBPPLN,unit price,1,53522,53923
000000023,InternetowyKantor,NOKPLN,unit price,1,4504,4564
000000023,Cinkciarz,CHFPLN,50K price,1,47682,47943
000000023,Cinkciarz,EURPLN,50K price,1,46708,46974
000000023,Cinkciarz,GBPPLN,50K price,1,53556,53849
000000023,Cinkciarz,USDPLN,50K price,1,45019,45275
000000023,Cinkciarz,NOKPLN,50K price,1,4502,4563
000000023,Cinkciarz,CHFPLN,unit price,1,47614,48005
000000023,Cinkciarz,EURPLN,unit price,1,46645,47034
000000023,Cinkciarz,GBPPLN,unit price,1,53492,53918
000000023,Cinkciarz,USDPLN,unit price,1,44961,45335
000000023,Cinkciarz,NOKPLN,unit price,1,4501,4563
000000024,InternetowyKantor,EURPLN,unit price,1,46711,47011
000000024,InternetowyKantor,CHFPLN,unit price,1,47729,48129
000000024,InternetowyKantor,USDPLN,unit price,1,45024,45324
000000024,InternetowyKantor,GBPPLN,unit price,1,53522,53922
000000024,InternetowyKantor,NOKPLN,unit price,1,4504,4564
000000024,Cinkciarz,CHFPLN,50K price,1,47679,47937
000000024,Cinkciarz,EURPLN,50K price,1,46708,46974
000000024,Cinkciarz,GBPPLN,50K price,1,53559,53851
000000024,Cinkciarz,USDPLN,50K price,1,45025,45282
000000024,Cinkciarz,NOKPLN,50K price,1,4501,4563
000000024,Cinkciarz,CHFPLN,unit price,1,47613,48004
000000024,Cinkciarz,EURPLN,unit price,1,46647,47036
000000024,Cinkciarz,GBPPLN,unit price,1,53497,53914
000000024,Cinkciarz,USDPLN,unit price,1,44966,45340
000000024,Cinkciarz,NOKPLN,unit price,1,4501,4563
000000025,InternetowyKantor,EURPLN,unit price,1,46716,47016
000000025,InternetowyKantor,CHFPLN,unit price,1,47746,48146
000000025,InternetowyKantor,USDPLN,unit price,1,45046,45346
000000025,InternetowyKantor,GBPPLN,unit price,1,53524,53924
000000025,InternetowyKantor,NOKPLN,unit price,1,4504,4564
000000025,Cinkciarz,CHFPLN,50K price,1,47695,47949
000000025,Cinkciarz,EURPLN,50K price,1,46717,46981
000000025,Cinkciarz,GBPPLN,50K price,1,53554,53846
000000025,Cinkciarz,USDPLN,50K price,1,45048,45306
000000025,Cinkciarz,NOKPLN,50K price,1,4501,4563
000000025,Cinkciarz,CHFPLN,unit price,1,47624,48013
000000025,Cinkciarz,EURPLN,unit price,1,46654,47043
000000025,Cinkciarz,GBPPLN,unit price,1,53492,53920
000000025,Cinkciarz,USDPLN,unit price,1,44987,45361
000000025,Cinkciarz,NOKPLN,unit price,1,4501,4563
000000026,InternetowyKantor,EURPLN,unit price,1,46718,47018
000000026,InternetowyKantor,CHFPLN,unit price,1,47746,48146
000000026,InternetowyKantor,USDPLN,unit price,1,45045,45345
000000026,InternetowyKantor,GBPPLN,unit price,1,53510,53910
000000026,InternetowyKantor,NOKPLN,unit price,1,4504,4564
000000026,Cinkciarz,CHFPLN,50K price,1,47693,47951
000000026,Cinkciarz,EURPLN,50K price,1,46715,46979
000000026,Cinkciarz,GBPPLN,50K price,1,53545,53837
000000026,Cinkciarz,USDPLN,50K price,1,45042,45300
000000026,Cinkciarz,NOKPLN,50K price,1,4502,4564
000000026,Cinkciarz,CHFPLN,unit price,1,47627,48018
000000026,Cinkciarz,EURPLN,unit price,1,46654,47043
000000026,Cinkciarz,GBPPLN,unit price,1,53483,53900
000000026,Cinkciarz,USDPLN,unit price,1,44986,45359
000000026,Cinkciarz,NOKPLN,unit price,1,4501,4563
000000027,InternetowyKantor,EURPLN,unit price,1,46720,47020
000000027,InternetowyKantor,CHFPLN,unit price,1,47747,48147
000000027,InternetowyKantor,USDPLN,unit price,1,45039,45340
000000027,InternetowyKantor,GBPPLN,unit price,1,53522,53923
000000027,InternetowyKantor,NOKPLN,unit price,1,4506,4566
000000027,Cinkciarz,CHFPLN,50K price,1,47695,47953
000000027,Cinkciarz,EURPLN,50K price,1,46719,46984
000000027,Cinkciarz,GBPPLN,50K price,1,53557,53850
000000027,Cinkciarz,USDPLN,50K price,1,45041,45298
000000027,Cinkciarz,NOKPLN,50K price,1,4503,4565
000000027,Cinkciarz,CHFPLN,unit price,1,47630,48019
000000027,Cinkciarz,EURPLN,unit price,1,46656,47045
000000027,Cinkciarz,GBPPLN,unit price,1,53494,53911
000000027,Cinkciarz,USDPLN,unit price,1,44981,45355
000000027,Cinkciarz,NOKPLN,unit price,1,4503,4565
000000028,InternetowyKantor,EURPLN,unit price,1,46720,47020
000000028,InternetowyKantor,CHFPLN,unit price,1,47742,48141
000000028,InternetowyKantor,USDPLN,unit price,1,45053,45353
000000028,InternetowyKantor,GBPPLN,unit price,1,53509,53909
000000028,InternetowyKantor,NOKPLN,unit price,1,4506,4566
000000028,Cinkciarz,CHFPLN,50K price,1,47687,47950
000000028,Cinkciarz,EURPLN,50K price,1,46715,46979
000000028,Cinkciarz,GBPPLN,50K price,1,53549,53841
000000028,Cinkciarz,USDPLN,50K price,1,45054,45312
000000028,Cinkciarz,NOKPLN,50K price,1,4503,4565
000000028,Cinkciarz,CHFPLN,unit price,1,47623,48011
000000028,Cinkciarz,EURPLN,unit price,1,46655,47044
000000028,Cinkciarz,GBPPLN,unit price,1,53468,53897
000000028,Cinkciarz,USDPLN,unit price,1,45007,45381
000000028,Cinkciarz,NOKPLN,unit price,1,4503,4564
000000029,InternetowyKantor,EURPLN,unit price,1,46723,47023
000000029,InternetowyKantor,CHFPLN,unit price,1,47744,48144
000000029,InternetowyKantor,USDPLN,unit price,1,45086,45386
000000029,InternetowyKantor,GBPPLN,unit price,1,53480,53881
000000029,InternetowyKantor,NOKPLN,unit price,1,4506,4566
000000029,Cinkciarz,CHFPLN,50K price,1,47691,47946
000000029,Cinkciarz,EURPLN,50K price,1,46722,46987
000000029,Cinkciarz,GBPPLN,50K price,1,53516,53808
000000029,Cinkciarz,USDPLN,50K price,1,45083,45340
000000029,Cinkciarz,NOKPLN,50K price,1,4504,4565
000000029,Cinkciarz,CHFPLN,unit price,1,47625,48013
000000029,Cinkciarz,EURPLN,unit price,1,46662,47051
000000029,Cinkciarz,GBPPLN,unit price,1,53454,53871
000000029,Cinkciarz,USDPLN,unit price,1,45032,45406
000000029,Cinkciarz,NOKPLN,unit price,1,4502,4564
000000030,InternetowyKantor,EURPLN,unit price,1,46727,47027
000000030,InternetowyKantor,CHFPLN,unit price,1,47751,48151
000000030,InternetowyKantor,USDPLN,unit price,1,45098,45397
000000030,InternetowyKantor,GBPPLN,unit price,1,53493,53893
000000030,InternetowyKantor,NOKPLN,unit price,1,4506,4566
000000030,Cinkciarz,CHFPLN,50K price,1,47701,47956
000000030,Cinkciarz,EURPLN,50K price,1,46725,46989
000000030,Cinkciarz,GBPPLN,50K price,1,53517,53813
000000030,Cinkciarz,USDPLN,50K price,1,45098,45359
000000030,Cinkciarz,NOKPLN,50K price,1,4503,4565
000000030,Cinkciarz,CHFPLN,unit price,1,47629,48019
000000030,Cinkciarz,EURPLN,unit price,1,46659,47048
000000030,Cinkciarz,GBPPLN,unit price,1,53448,53865
000000030,Cinkciarz,USDPLN,unit price,1,45035,45410
000000030,Cinkciarz,NOKPLN,unit price,1,4502,4564
000000031,Cinkciarz,CHFPLN,50K price,1,47687,47944
000000031,Cinkciarz,EURPLN,50K price,1,46722,46986
000000031,Cinkciarz,GBPPLN,50K price,1,53518,53814
000000031,Cinkciarz,USDPLN,50K price,1,45111,45369
000000031,Cinkciarz,NOKPLN,50K price,1,4502,4564
000000031,Cinkciarz,CHFPLN,unit price,1,47632,48023
000000031,Cinkciarz,EURPLN,unit price,1,46659,47048
000000031,Cinkciarz,GBPPLN,unit price,1,53455,53875
000000031,Cinkciarz,USDPLN,unit price,1,45054,45428
000000031,Cinkciarz,NOKPLN,unit price,1,4503,4564
000000032,InternetowyKantor,EURPLN,unit price,1,46731,47031
000000032,InternetowyKantor,CHFPLN,unit price,1,47747,48147
000000032,InternetowyKantor,USDPLN,unit price,1,45119,45419
000000032,InternetowyKantor,GBPPLN,unit price,1,53493,53893
000000032,InternetowyKantor,NOKPLN,unit price,1,4505,4565
000000032,Cinkciarz,CHFPLN,50K price,1,47692,47950
000000032,Cinkciarz,EURPLN,50K price,1,46727,46990
000000032,Cinkciarz,GBPPLN,50K price,1,53528,53821
000000032,Cinkciarz,USDPLN,50K price,1,45125,45382
000000032,Cinkciarz,NOKPLN,50K price,1,4502,4564
000000032,Cinkciarz,CHFPLN,unit price,1,47634,48023
000000032,Cinkciarz,EURPLN,unit price,1,46662,47051
000000032,Cinkciarz,GBPPLN,unit price,1,53468,53884
000000032,Cinkciarz,USDPLN,unit price,1,45066,45439
000000032,Cinkciarz,NOKPLN,unit price,1,4502,4564
000000033,InternetowyKantor,EURPLN,unit price,1,46733,47032
000000033,InternetowyKantor,CHFPLN,unit price,1,47755,48155
000000033,InternetowyKantor,USDPLN,unit price,1,45129,45429
000000033,InternetowyKantor,GBPPLN,unit price,1,53496,53896
000000033,InternetowyKantor,NOKPLN,unit price,1,4505,4565
000000033,Cinkciarz,CHFPLN,50K price,1,47704,47958
000000033,Cinkciarz,EURPLN,50K price,1,46727,46992
000000033,Cinkciarz,GBPPLN,50K price,1,53524,53817
000000033,Cinkciarz,USDPLN,50K price,1,45130,45388
000000033,Cinkciarz,NOKPLN,50K price,1,4502,4564
000000033,Cinkciarz,CHFPLN,unit price,1,47632,48021
000000033,Cinkciarz,EURPLN,unit price,1,46663,47051
000000033,Cinkciarz,GBPPLN,unit price,1,53457,53884
000000033,Cinkciarz,USDPLN,unit price,1,45068,45442
000000033,Cinkciarz,NOKPLN,unit price,1,4502,4564
000000034,InternetowyKantor,EURPLN,unit price,1,46729,47029
000000034,InternetowyKantor,CHFPLN,unit price,1,47742,48141
000000034,InternetowyKantor,USDPLN,unit price,1,45115,45416
000000034,InternetowyKantor,GBPPLN,unit price,1,53494,53894
000000034,InternetowyKantor,NOKPLN,unit price,1,4505,4565
000000034,Cinkciarz,CHFPLN,50K price,1,47690,47946
000000034,Cinkciarz,EURPLN,50K price,1,46724,46989
000000034,Cinkciarz,GBPPLN,50K price,1,53528,53821
000000034,Cinkciarz,USDPLN,50K price,1,45112,45370
000000034,Cinkciarz,NOKPLN,50K price,1,4503,4565
000000034,Cinkciarz,CHFPLN,unit price,1,47625,48013
000000034,Cinkciarz,EURPLN,unit price,1,46663,47051
000000034,Cinkciarz,GBPPLN,unit price,1,53464,53881
000000034,Cinkciarz,USDPLN,unit price,1,45054,45429
000000034,Cinkciarz,NOKPLN,unit price,1,4503,4564
000000035,InternetowyKantor,EURPLN,unit price,1,46725,47025
000000035,InternetowyKantor,CHFPLN,unit price,1,47747,48147
000000035,InternetowyKantor,USDPLN,unit price,1,45107,45407
000000035,InternetowyKantor,GBPPLN,unit price,1,53484,53884
000000035,InternetowyKantor,NOKPLN,unit price,1,4506,4566
000000035,Cinkciarz,CHFPLN,50K price,1,47703,47958
000000035,Cinkciarz,EURPLN,50K price,1,46725,46990
000000035,Cinkciarz,GBPPLN,50K price,1,53518,53811
000000035,Cinkciarz,USDPLN,50K price,1,45113,45370
000000035,Cinkciarz,NOKPLN,50K price,1,4503,4565
000000035,Cinkciarz,CHFPLN,unit price,1,47626,48017
000000035,Cinkciarz,EURPLN,unit price,1,46662,47051
000000035,Cinkciarz,GBPPLN,unit price,1,53453,53869
000000035,Cinkciarz,USDPLN,unit price,1,45054,45429
000000035,Cinkciarz,NOKPLN,unit price,1,4502,4564
000000036,InternetowyKantor,EURPLN,unit price,1,46727,47027
000000036,InternetowyKantor,CHFPLN,unit price,1,47754,48154
000000036,InternetowyKantor,USDPLN,unit price,1,45099,45399
000000036,InternetowyKantor,GBPPLN,unit price,1,53480,53880
000000036,InternetowyKantor,NOKPLN,unit price,1,4506,4566
000000036,Cinkciarz,CHFPLN,50K price,1,47704,47962
000000036,Cinkciarz,EURPLN,50K price,1,46725,46989
000000036,Cinkciarz,GBPPLN,50K price,1,53518,53810
000000036,Cinkciarz,USDPLN,50K price,1,45106,45365
000000036,Cinkciarz,NOKPLN,50K price,1,4504,4566
000000036,Cinkciarz,CHFPLN,unit price,1,47638,48026
000000036,Cinkciarz,EURPLN,unit price,1,46662,47051
000000036,Cinkciarz,GBPPLN,unit price,1,53454,53871
000000036,Cinkciarz,USDPLN,unit price,1,45039,45414
000000036,Cinkciarz,NOKPLN,unit price,1,4504,4565
000000037,InternetowyKantor,EURPLN,unit price,1,46742,47042
000000037,InternetowyKantor,CHFPLN,unit price,1,47766,48166
000000037,InternetowyKantor,USDPLN,unit price,1,45113,45413
000000037,InternetowyKantor,GBPPLN,unit price,1,53484,53884
000000037,InternetowyKantor,NOKPLN,unit price,1,4508,4568
000000037,Cinkciarz,CHFPLN,50K price,1,47710,47964
000000037,Cinkciarz,EURPLN,50K price,1,46740,47005
000000037,Cinkciarz,GBPPLN,50K price,1,53506,53798
000000037,Cinkciarz,USDPLN,50K price,1,45115,45373
000000037,Cinkciarz,NOKPLN,50K price,1,4505,4567
000000037,Cinkciarz,CHFPLN,unit price,1,47648,48036
000000037,Cinkciarz,EURPLN,unit price,1,46678,47067
000000037,Cinkciarz,GBPPLN,unit price,1,53449,53865
000000037,Cinkciarz,USDPLN,unit price,1,45054,45428
000000037,Cinkciarz,NOKPLN,unit price,1,4506,4567
000000038,InternetowyKantor,EURPLN,unit price,1,46743,47043
000000038,InternetowyKantor,CHFPLN,unit price,1,47765,48164
000000038,InternetowyKantor,USDPLN,unit price,1,45102,45401
000000038,InternetowyKantor,GBPPLN,unit price,1,53490,53890
000000038,InternetowyKantor,NOKPLN,unit price,1,4508,4568
000000038,Cinkciarz,CHFPLN,50K price,1,47717,47976
000000038,Cinkciarz,EURPLN,50K price,1,46739,47004
000000038,Cinkciarz,GBPPLN,50K price,1,53520,53813
000000038,Cinkciarz,USDPLN,50K price,1,45107,45365
000000038,Cinkciarz,NOKPLN,50K price,1,4505,4567
000000038,Cinkciarz,CHFPLN,unit price,1,47654,48042
000000038,Cinkciarz,EURPLN,unit price,1,46677,47066
000000038,Cinkciarz,GBPPLN,unit price,1,53454,53871
000000038,Cinkciarz,USDPLN,unit price,1,45051,45424
000000038,Cinkciarz,NOKPLN,unit price,1,4505,4567
000000039,InternetowyKantor,EURPLN,unit price,1,46742,47042
000000039,InternetowyKantor,CHFPLN,unit price,1,47773,48173
000000039,InternetowyKantor,USDPLN,unit price,1,45095,45395
000000039,InternetowyKantor,GBPPLN,unit price,1,53490,53890
000000039,InternetowyKantor,NOKPLN,unit price,1,4508,4568
000000039,Cinkciarz,CHFPLN,50K price,1,47716,47971
000000039,Cinkciarz,EURPLN,50K price,1,46741,47005
000000039,Cinkciarz,GBPPLN,50K price,1,53525,53818
000000039,Cinkciarz,USDPLN,50K price,1,45100,45358
000000039,Cinkciarz,NOKPLN,50K price,1,4505,4567
000000039,Cinkciarz,CHFPLN,unit price,1,47656,48044
000000039,Cinkciarz,EURPLN,unit price,1,46679,47068
000000039,Cinkciarz,GBPPLN,unit price,1,53461,53878
000000039,Cinkciarz,USDPLN,unit price,1,45035,45409
000000039,Cinkciarz,NOKPLN,unit price,1,4505,4567
000000040,InternetowyKantor,EURPLN,unit price,1,46735,47035
000000040,InternetowyKantor,CHFPLN,unit price,1,47774,48174
000000040,InternetowyKantor,USDPLN,unit price,1,45077,45377
000000040,InternetowyKantor,GBPPLN,unit price,1,53476,53876
000000040,InternetowyKantor,NOKPLN,unit price,1,4508,4568
000000040,Cinkciarz,CHFPLN,50K price,1,47730,47990
000000040,Cinkciarz,EURPLN,50K price,1,46734,46999
000000040,Cinkciarz,GBPPLN,50K price,1,53515,53814
000000040,Cinkciarz,USDPLN,50K price,1,45079,45336
000000040,Cinkciarz,NOKPLN,50K price,1,4505,4566
000000040,Cinkciarz,CHFPLN,unit price,1,47663,48052
000000040,Cinkciarz,EURPLN,unit price,1,46674,47063
000000040,Cinkciarz,GBPPLN,unit price,1,53449,53884
000000040,Cinkciarz,USDPLN,unit price,1,45019,45392
000000040,Cinkciarz,NOKPLN,unit price,1,4505,4567
000000041,InternetowyKantor,EURPLN,unit price,1,46699,46999
000000041,InternetowyKantor,CHFPLN,unit price,1,47739,48139
000000041,InternetowyKantor,USDPLN,unit price,1,45039,45340
000000041,InternetowyKantor,GBPPLN,unit price,1,53437,53837
000000041,InternetowyKantor,NOKPLN,unit price,1,4504,4564
000000041,Cinkciarz,CHFPLN,50K price,1,47690,47946
000000041,Cinkciarz,EURPLN,50K price,1,46696,46960
000000041,Cinkciarz,GBPPLN,50K price,1,53478,53777
000000041,Cinkciarz,USDPLN,50K price,1,45039,45296
000000041,Cinkciarz,NOKPLN,50K price,1,4501,4563
000000041,Cinkciarz,CHFPLN,unit price,1,47625,48013
000000041,Cinkciarz,EURPLN,unit price,1,46635,47024
000000041,Cinkciarz,GBPPLN,unit price,1,53417,53834
000000041,Cinkciarz,USDPLN,unit price,1,44992,45366
000000041,Cinkciarz,NOKPLN,unit price,1,4501,4563
000000042,InternetowyKantor,EURPLN,unit price,1,46715,47015
000000042,InternetowyKantor,CHFPLN,unit price,1,47752,48152
000000042,InternetowyKantor,USDPLN,unit price,1,45068,45368
000000042,InternetowyKantor,GBPPLN,unit price,1,53463,53863
000000042,InternetowyKantor,NOKPLN,unit price,1,4505,4565
000000042,Cinkciarz,CHFPLN,50K price,1,47704,47958
000000042,Cinkciarz,EURPLN,50K price,1,46712,46977
000000042,Cinkciarz,GBPPLN,50K price,1,53492,53792
000000042,Cinkciarz,USDPLN,50K price,1,45063,45321
000000042,Cinkciarz,NOKPLN,50K price,1,4503,4564
000000042,Cinkciarz,CHFPLN,unit price,1,47637,48025
000000042,Cinkciarz,EURPLN,unit price,1,46650,47039
000000042,Cinkciarz,GBPPLN,unit price,1,53437,53858
000000042,Cinkciarz,USDPLN,unit price,1,45004,45378
000000042,Cinkciarz,NOKPLN,unit price,1,4503,4565
000000043,InternetowyKantor,EURPLN,unit price,1,46717,47017
000000043,InternetowyKantor,CHFPLN,unit price,1,47748,48148
000000043,InternetowyKantor,USDPLN,unit price,1,45067,45367
000000043,InternetowyKantor,GBPPLN,unit price,1,53459,53859
000000043,InternetowyKantor,NOKPLN,unit price,1,4506,4566
000000043,Cinkciarz,CHFPLN,50K price,1,47697,47958
000000043,Cinkciarz,EURPLN,50K price,1,46712,46976
000000043,Cinkciarz,GBPPLN,50K price,1,53493,53788
000000043,Cinkciarz,USDPLN,50K price,1,45066,45323
000000043,Cinkciarz,NOKPLN,50K price,1,4503,4565
000000043,Cinkciarz,CHFPLN,unit price,1,47634,48026
000000043,Cinkciarz,EURPLN,unit price,1,46650,47039
000000043,Cinkciarz,GBPPLN,unit price,1,53427,53864
000000043,Cinkciarz,USDPLN,unit price,1,45004,45380
000000043,Cinkciarz,NOKPLN,unit price,1,4503,4565
000000044,InternetowyKantor,EURPLN,unit price,1,46716,47016
000000044,InternetowyKantor,CHFPLN,unit price,1,47745,48145
000000044,InternetowyKantor,USDPLN,unit price,1,45073,45373
000000044,InternetowyKantor,GBPPLN,unit price,1,53470,53869
000000044,InternetowyKantor,NOKPLN,unit price,1,4506,4566
000000044,Cinkciarz,CHFPLN,50K price,1,47693,47949
000000044,Cinkciarz,EURPLN,50K price,1,46712,46978
000000044,Cinkciarz,GBPPLN,50K price,1,53502,53795
000000044,Cinkciarz,USDPLN,50K price,1,45070,45329
000000044,Cinkciarz,NOKPLN,50K price,1,4503,4565
000000044,Cinkciarz,CHFPLN,unit price,1,47627,48019
000000044,Cinkciarz,EURPLN,unit price,1,46650,47039
000000044,Cinkciarz,GBPPLN,unit price,1,53438,53855
000000044,Cinkciarz,USDPLN,unit price,1,45004,45380
000000044,Cinkciarz,NOKPLN,unit price,1,4503,4564
000000045,InternetowyKantor,EURPLN,unit price,1,46716,47016
000000045,InternetowyKantor,CHFPLN,unit price,1,47733,48133
000000045,InternetowyKantor,USDPLN,unit price,1,45062,45362
000000045,InternetowyKantor,GBPPLN,unit price,1,53468,53868
000000045,InternetowyKantor,NOKPLN,unit price,1,4505,4565
000000045,Cinkciarz,CHFPLN,50K price,1,47683,47938
000000045,Cinkciarz,EURPLN,50K price,1,46712,46977
000000045,Cinkciarz,GBPPLN,50K price,1,53492,53792
000000045,Cinkciarz,USDPLN,50K price,1,45063,45321
000000045,Cinkciarz,NOKPLN,50K price,1,4502,4564
000000045,Cinkciarz,CHFPLN,unit price,1,47617,48010
000000045,Cinkciarz,EURPLN,unit price,1,46651,47040
000000045,Cinkciarz,GBPPLN,unit price,1,53444,53861
000000045,Cinkciarz,USDPLN,unit price,1,45003,45376
000000045,Cinkciarz,NOKPLN,unit price,1,4503,4564
000000046,InternetowyKantor,EURPLN,unit price,1,46712,47013
000000046,InternetowyKantor,CHFPLN,unit price,1,47724,48124
000000046,InternetowyKantor,USDPLN,unit price,1,45051,45351
000000046,InternetowyKantor,GBPPLN,unit price,1,53468,53868
000000046,InternetowyKantor,NOKPLN,unit price,1,4505,4565
000000046,Cinkciarz,CHFPLN,50K price,1,47680,47941
000000046,Cinkciarz,EURPLN,50K price,1,46712,46977
000000046,Cinkciarz,GBPPLN,50K price,1,53499,53799
000000046,Cinkciarz,USDPLN,50K price,1,45052,45312
000000046,Cinkciarz,NOKPLN,50K price,1,4503,4564
000000046,Cinkciarz,CHFPLN,unit price,1,47610,48000
000000046,Cinkciarz,EURPLN,unit price,1,46650,47039
000000046,Cinkciarz,GBPPLN,unit price,1,53445,53862
000000046,Cinkciarz,USDPLN,unit price,1,44993,45369
000000046,Cinkciarz,NOKPLN,unit price,1,4503,4564
000000047,InternetowyKantor,EURPLN,unit price,1,46724,47024
000000047,InternetowyKantor,CHFPLN,unit price,1,47739,48139
000000047,InternetowyKantor,USDPLN,unit price,1,45058,45359
000000047,InternetowyKantor,GBPPLN,unit price,1,53483,53883
000000047,InternetowyKantor,NOKPLN,unit price,1,4506,4566
000000047,Cinkciarz,CHFPLN,50K price,1,47684,47941
000000047,Cinkciarz,EURPLN,50K price,1,46721,46986
000000047,Cinkciarz,GBPPLN,50K price,1,53516,53811
000000047,Cinkciarz,USDPLN,50K price,1,45057,45317
000000047,Cinkciarz,NOKPLN,50K price,1,4504,4565
000000047,Cinkciarz,CHFPLN,unit price,1,47623,48011
000000047,Cinkciarz,EURPLN,unit price,1,46659,47048
000000047,Cinkciarz,GBPPLN,unit price,1,53454,53872
000000047,Cinkciarz,USDPLN,unit price,1,44997,45373
000000047,Cinkciarz,NOKPLN,unit price,1,4503,4565
000000048,InternetowyKantor,EURPLN,unit price,1,46725,47025
000000048,InternetowyKantor,CHFPLN,unit price,1,47732,48132
000000048,InternetowyKantor,USDPLN,unit price,1,45053,45353
000000048,InternetowyKantor,GBPPLN,unit price,1,53484,53884
000000048,InternetowyKantor,NOKPLN,unit price,1,4506,4566
000000048,Cinkciarz,CHFPLN,50K price,1,47682,47942
000000048,Cinkciarz,EURPLN,50K price,1,46722,46986
000000048,Cinkciarz,GBPPLN,50K price,1,53518,53811
000000048,Cinkciarz,USDPLN,50K price,1,45052,45312
000000048,Cinkciarz,NOKPLN,50K price,1,4504,4566
000000048,Cinkciarz,CHFPLN,unit price,1,47615,48013
000000048,Cinkciarz,EURPLN,unit price,1,46660,47049
000000048,Cinkciarz,GBPPLN,unit price,1,53456,53873
000000048,Cinkciarz,USDPLN,unit price,1,44993,45369
000000048,Cinkciarz,NOKPLN,unit price,1,4504,4566
000000049,InternetowyKantor,EURPLN,unit price,1,46730,47030
000000049,InternetowyKantor,CHFPLN,unit price,1,47743,48143
000000049,InternetowyKantor,USDPLN,unit price,1,45058,45358
000000049,InternetowyKantor,GBPPLN,unit price,1,53500,53900
000000049,InternetowyKantor,NOKPLN,unit price,1,4507,4567
000000049,Cinkciarz,CHFPLN,50K price,1,47684,47946
000000049,Cinkciarz,EURPLN,50K price,1,46734,46998
000000049,Cinkciarz,GBPPLN,50K price,1,53539,53836
000000049,Cinkciarz,USDPLN,50K price,1,45063,45326
000000049,Cinkciarz,NOKPLN,50K price,1,4505,4566
000000049,Cinkciarz,CHFPLN,unit price,1,47628,48023
000000049,Cinkciarz,EURPLN,unit price,1,46675,47064
000000049,Cinkciarz,GBPPLN,unit price,1,53480,53897
000000049,Cinkciarz,USDPLN,unit price,1,45004,45382
000000049,Cinkciarz,NOKPLN,unit price,1,4505,4567
000000050,InternetowyKantor,EURPLN,unit price,1,46722,47022
000000050,InternetowyKantor,CHFPLN,unit price,1,47744,48144
000000050,InternetowyKantor,USDPLN,unit price,1,45056,45355
000000050,InternetowyKantor,GBPPLN,unit price,1,53490,53890
000000050,InternetowyKantor,NOKPLN,unit price,1,4507,4567
000000050,Cinkciarz,CHFPLN,50K price,1,47697,47956
000000050,Cinkciarz,EURPLN,50K price,1,46721,46985
000000050,Cinkciarz,GBPPLN,50K price,1,53528,53821
000000050,Cinkciarz,USDPLN,50K price,1,45052,45314
000000050,Cinkciarz,NOKPLN,50K price,1,4504,4566
000000050,Cinkciarz,CHFPLN,unit price,1,47630,48023
000000050,Cinkciarz,EURPLN,unit price,1,46658,47047
000000050,Cinkciarz,GBPPLN,unit price,1,53467,53884
000000050,Cinkciarz,USDPLN,unit price,1,45001,45378
000000050,Cinkciarz,NOKPLN,unit price,1,4504,4566
000000051,InternetowyKantor,EURPLN,unit price,1,46723,47023
000000051,InternetowyKantor,CHFPLN,unit price,1,47755,48155
000000051,InternetowyKantor,USDPLN,unit price,1,45056,45355
000000051,InternetowyKantor,GBPPLN,unit price,1,53490,53890
000000051,InternetowyKantor,NOKPLN,unit price,1,4507,4567
000000051,Cinkciarz,CHFPLN,50K price,1,47698,47956
000000051,Cinkciarz,EURPLN,50K price,1,46721,46985
000000051,Cinkciarz,GBPPLN,50K price,1,53522,53816
000000051,Cinkciarz,USDPLN,50K price,1,45056,45316
000000051,Cinkciarz,NOKPLN,50K price,1,4504,4566
000000051,Cinkciarz,CHFPLN,unit price,1,47632,48023
000000051,Cinkciarz,EURPLN,unit price,1,46659,47048
000000051,Cinkciarz,GBPPLN,unit price,1,53463,53880
000000051,Cinkciarz,USDPLN,unit price,1,44995,45372
000000051,Cinkciarz,NOKPLN,unit price,1,4504,4566
000000052,InternetowyKantor,EURPLN,unit price,1,46722,47022
000000052,InternetowyKantor,CHFPLN,unit price,1,47760,48160
000000052,InternetowyKantor,USDPLN,unit price,1,45049,45349
000000052,InternetowyKantor,GBPPLN,unit price,1,53482,53882
000000052,InternetowyKantor,NOKPLN,unit price,1,4507,4567
000000052,Cinkciarz,CHFPLN,50K price,1,47712,47969
000000052,Cinkciarz,EURPLN,50K price,1,46721,46986
000000052,Cinkciarz,GBPPLN,50K price,1,53514,53807
000000052,Cinkciarz,USDPLN,50K price,1,45045,45306
000000052,Cinkciarz,NOKPLN,50K price,1,4504,4566
000000052,Cinkciarz,CHFPLN,unit price,1,47647,48036
000000052,Cinkciarz,EURPLN,unit price,1,46660,47049
000000052,Cinkciarz,GBPPLN,unit price,1,53453,53871
000000052,Cinkciarz,USDPLN,unit price,1,44985,45362
000000052,Cinkciarz,NOKPLN,unit price,1,4504,4566
000000053,InternetowyKantor,EURPLN,unit price,1,46726,47026
000000053,InternetowyKantor,CHFPLN,unit price,1,47759,48159
000000053,InternetowyKantor,USDPLN,unit price,1,45053,45353
000000053,InternetowyKantor,GBPPLN,unit price,1,53486,53886
000000053,InternetowyKantor,NOKPLN,unit price,1,4507,4567
000000053,Cinkciarz,CHFPLN,50K price,1,47712,47966
000000053,Cinkciarz,EURPLN,50K price,1,46722,46986
000000053,Cinkciarz,GBPPLN,50K price,1,53517,53810
000000053,Cinkciarz,USDPLN,50K price,1,45054,45316
000000053,Cinkciarz,NOKPLN,50K price,1,4505,4566
000000053,Cinkciarz,CHFPLN,unit price,1,47645,48033
000000053,Cinkciarz,EURPLN,unit price,1,46659,47048
000000053,Cinkciarz,GBPPLN,unit price,1,53455,53872
000000053,Cinkciarz,USDPLN,unit price,1,44996,45374
000000053,Cinkciarz,NOKPLN,unit price,1,4505,4566
000000054,InternetowyKantor,EURPLN,unit price,1,46725,47025
000000054,InternetowyKantor,CHFPLN,unit price,1,47766,48166
000000054,InternetowyKantor,USDPLN,unit price,1,45051,45351
000000054,InternetowyKantor,GBPPLN,unit price,1,53490,53890
000000054,InternetowyKantor,NOKPLN,unit price,1,4507,4567
000000054,Cinkciarz,CHFPLN,50K price,1,47712,47974
000000054,Cinkciarz,EURPLN,50K price,1,46723,46988
000000054,Cinkciarz,GBPPLN,50K price,1,53524,53817
000000054,Cinkciarz,USDPLN,50K price,1,45047,45309
000000054,Cinkciarz,NOKPLN,50K price,1,4504,4566
000000054,Cinkciarz,CHFPLN,unit price,1,47647,48040
000000054,Cinkciarz,EURPLN,unit price,1,46661,47050
000000054,Cinkciarz,GBPPLN,unit price,1,53456,53884
000000054,Cinkciarz,USDPLN,unit price,1,44992,45369
000000054,Cinkciarz,NOKPLN,unit price,1,4504,4566
000000055,InternetowyKantor,EURPLN,unit price,1,46729,47029
000000055,InternetowyKantor,CHFPLN,unit price,1,47770,48170
000000055,InternetowyKantor,USDPLN,unit price,1,45052,45352
000000055,InternetowyKantor,GBPPLN,unit price,1,53484,53884
000000055,InternetowyKantor,NOKPLN,unit price,1,4506,4566
000000055,Cinkciarz,CHFPLN,50K price,1,47721,47977
000000055,Cinkciarz,EURPLN,50K price,1,46726,46990
000000055,Cinkciarz,GBPPLN,50K price,1,53512,53804
000000055,Cinkciarz,USDPLN,50K price,1,45052,45311
000000055,Cinkciarz,NOKPLN,50K price,1,4503,4565
000000055,Cinkciarz,CHFPLN,unit price,1,47654,48042
000000055,Cinkciarz,EURPLN,unit price,1,46663,47051
000000055,Cinkciarz,GBPPLN,unit price,1,53455,53872
000000055,Cinkciarz,USDPLN,unit price,1,44993,45369
000000055,Cinkciarz,NOKPLN,unit price,1,4503,4565
000000056,InternetowyKantor,EURPLN,unit price,1,46731,47032
000000056,InternetowyKantor,CHFPLN,unit price,1,47764,48164
000000056,InternetowyKantor,USDPLN,unit price,1,45050,45350
000000056,InternetowyKantor,GBPPLN,unit price,1,53490,53890
000000056,InternetowyKantor,NOKPLN,unit price,1,4506,4566
000000056,Cinkciarz,CHFPLN,50K price,1,47714,47974
000000056,Cinkciarz,EURPLN,50K price,1,46725,46990
000000056,Cinkciarz,GBPPLN,50K price,1,53514,53807
000000056,Cinkciarz,USDPLN,50K price,1,45050,45311
000000056,Cinkciarz,NOKPLN,50K price,1,4504,4565
000000056,Cinkciarz,CHFPLN,unit price,1,47648,48041
000000056,Cinkciarz,EURPLN,unit price,1,46664,47053
000000056,Cinkciarz,GBPPLN,unit price,1,53452,53869
000000056,Cinkciarz,USDPLN,unit price,1,44993,45370
000000056,Cinkciarz,NOKPLN,unit price,1,4504,4565
000000057,InternetowyKantor,EURPLN,unit price,1,46730,47030
000000057,InternetowyKantor,CHFPLN,unit price,1,47765,48164
000000057,InternetowyKantor,USDPLN,unit price,1,45047,45347
000000057,InternetowyKantor,GBPPLN,unit price,1,53483,53883
000000057,InternetowyKantor,NOKPLN,unit price,1,4507,4567
000000057,Cinkciarz,CHFPLN,50K price,1,47710,47967
000000057,Cinkciarz,EURPLN,50K price,1,46727,46990
000000057,Cinkciarz,GBPPLN,50K price,1,53512,53804
000000057,Cinkciarz,USDPLN,50K price,1,45048,45310
000000057,Cinkciarz,NOKPLN,50K price,1,4504,4566
000000057,Cinkciarz,CHFPLN,unit price,1,47646,48042
000000057,Cinkciarz,EURPLN,unit price,1,46665,47054
000000057,Cinkciarz,GBPPLN,unit price,1,53442,53871
000000057,Cinkciarz,USDPLN,unit price,1,44987,45364
000000057,Cinkciarz,NOKPLN,unit price,1,4504,4565
000000058,InternetowyKantor,EURPLN,unit price,1,46730,47030
000000058,InternetowyKantor,CHFPLN,unit price,1,47770,48170
000000058,InternetowyKantor,USDPLN,unit price,1,45047,45347
000000058,InternetowyKantor,GBPPLN,unit price,1,53492,53892
000000058,InternetowyKantor,NOKPLN,unit price,1,4507,4567
000000058,Cinkciarz,CHFPLN,50K price,1,47721,47977
000000058,Cinkciarz,EURPLN,50K price,1,46727,46992
000000058,Cinkciarz,GBPPLN,50K price,1,53525,53819
000000058,Cinkciarz,USDPLN,50K price,1,45047,45306
000000058,Cinkciarz,NOKPLN,50K price,1,4504,4565
000000058,Cinkciarz,CHFPLN,unit price,1,47657,48046
000000058,Cinkciarz,EURPLN,unit price,1,46668,47057
000000058,Cinkciarz,GBPPLN,unit price,1,53463,53880
000000058,Cinkciarz,USDPLN,unit price,1,44990,45366
000000058,Cinkciarz,NOKPLN,unit price,1,4504,4565
000000059,InternetowyKantor,EURPLN,unit price,1,46689,46989
000000059,InternetowyKantor,CHFPLN,unit price,1,47725,48125
000000059,InternetowyKantor,USDPLN,unit price,1,45023,45323
000000059,InternetowyKantor,GBPPLN,unit price,1,53437,53837
000000059,InternetowyKantor,NOKPLN,unit price,1,4503,4563
000000059,Cinkciarz,CHFPLN,50K price,1,47675,47930
000000059,Cinkciarz,EURPLN,50K price,1,46689,46954
000000059,Cinkciarz,GBPPLN,50K price,1,53477,53769
000000059,Cinkciarz,USDPLN,50K price,1,45018,45275
000000059,Cinkciarz,NOKPLN,50K price,1,4500,4562
000000059,Cinkciarz,CHFPLN,unit price,1,47599,47987
000000059,Cinkciarz,EURPLN,unit price,1,46617,47006
000000059,Cinkciarz,GBPPLN,unit price,1,53406,53823
000000059,Cinkciarz,USDPLN,unit price,1,44959,45332
000000059,Cinkciarz,NOKPLN,unit price,1,4499,4561
000000060,InternetowyKantor,EURPLN,unit price,1,46698,46998
000000060,InternetowyKantor,CHFPLN,unit price,1,47733,48133
000000060,InternetowyKantor,USDPLN,unit price,1,45031,45331
000000060,InternetowyKantor,GBPPLN,unit price,1,53448,53848
000000060,InternetowyKantor,NOKPLN,unit price,1,4504,4564
000000060,Cinkciarz,CHFPLN,50K price,1,47678,47946
000000060,Cinkciarz,EURPLN,50K price,1,46696,46961
000000060,Cinkciarz,GBPPLN,50K price,1,53479,53772
000000060,Cinkciarz,USDPLN,50K price,1,45029,45289
000000060,Cinkciarz,NOKPLN,50K price,1,4501,4563
000000060,Cinkciarz,CHFPLN,unit price,1,47608,47996
000000060,Cinkciarz,EURPLN,unit price,1,46622,47011
000000060,Cinkciarz,GBPPLN,unit price,1,53408,53825
000000060,Cinkciarz,USDPLN,unit price,1,44964,45338
000000060,Cinkciarz,NOKPLN,unit price,1,4500,4562
